cluster_id,cost
4,318.8356412400324
5,154861.0104924106
6,165916.4742543536
7,422.49081200601245
8,348.4287644028045
9,353.7360579923611
10,443.8393363889576
11,397.34184587759023
12,401.9139882083904
