cluster_id,cost
4,103.00739833290005
5,104.41607018814645
6,104.02435978902966
7,103.57077039577811
8,103.02090424191725
9,101.60030631464366
10,102.4765234154129
11,104.58899032412164
12,113.71727468155481
