cluster_id,cost
4,221.13852691974563
5,115.77663203407508
6,119.57687011140943
7,2412.347390059339
8,126.47425984372141
9,133.40996279096203
10,133.50061925983488
11,134.65606364880398
12,137.96622390460954
