cluster_id,cost
4,494.6227368286796
5,310.3989041470407
6,310.80254040376707
7,763.6153051860654
8,3969.468164927448
9,316.5870375005634
10,316.47170472914854
11,317.2833701593688
12,317.09805233824704
