cluster_id,cost
4,316588.43869953614
5,345.48897511604844
6,355.73696993422817
7,358.041481399398
8,400.643669614314
9,409.51232819259064
10,416.77478095619836
11,418.6138302237706
12,444.2230537919211
