cluster_id,cost
4,122.75461661765078
5,104.46608189854481
6,102.99151449322319
7,127.75057391862339
8,121.32908017296575
9,124.9805043754896
10,121.27672350830636
11,119.29930184146983
12,115.96269008610325
