cluster_id,cost
4,175.4034200915821
5,334.53345846894746
6,121.78811073756104
7,136.9247339429167
8,118.73708862390203
9,159.1100105268293
10,123.61221298321611
11,123.98493137646572
12,137.21851234736297
