cluster_id,cost
4,169.27937257911816
5,111.10761719131466
6,126.24957695615495
7,115.40342136406889
8,126.5163474679028
9,127.9201521486864
10,126.38425207829495
11,129.40396452468914
12,133.60660477465598
