cluster_id,cost
4,503.50507581839906
5,310.7152548123185
6,496.73247540896665
7,341.9058849090045
8,311.4208312394895
9,327.83783617003576
10,338.56185451228544
11,322.06149830416166
12,326.80532406595626
