cluster_id,cost
4,8901.754002358784
5,596.5922356020113
6,404.0862636246624
7,36749.952983465584
8,29098.920671104694
9,57184.7815981677
10,41581.39559063326
11,404.6284947149331
12,445.6828637737169
