cluster_id,cost
4,362.74290163705047
5,325.47360672451464
6,390.5215799656357
7,371.12360905978414
8,356.35904093043547
9,362.31352297497614
10,364.25550459182745
11,324.98496985540567
12,324.3500134086583
