cluster_id,cost
4,101.23499617739162
5,118.32203999406661
6,121.60951309233978
7,106.51587782523887
8,114.8214584617416
9,116.91159490609277
10,118.40348375912635
11,114.91539263850157
12,114.66924047026882
