cluster_id,cost
4,342.3786301376449
5,8440.151110578605
6,12353.472360203514
7,351.7407002703237
8,355.9163965956932
9,355.2191364207409
10,355.10707363832
11,351.4693386715532
12,475.36531572886463
