cluster_id,cost
4,145.37860297733653
5,6544.08986738052
6,139.76323676008184
7,145.69787194275176
8,191.75802973139955
9,176.4203304966613
10,185.62826789259884
11,151.81889053045722
12,149.84823367849663
