cluster_id,cost
4,3713.600331740981
5,339.3594755641231
6,358.51422223867326
7,354.694625067104
8,350.6571880188931
9,355.98857766597405
10,478.7970311339989
11,377.6759568771886
12,374.1173351675338
