cluster_id,cost
4,347.99464085968043
5,110583.22881420911
6,362.4960372308325
7,385.8342384617126
8,410.1827611682086
9,412.586071149503
10,437.7638967959939
11,451.24042262881443
12,467.06158053691365
