cluster_id,cost
4,108.92474475814585
5,119.76150902769032
6,140.56302549076497
7,136.8527408500497
8,405.8887803517202
9,137.20767143325824
10,160.11770841772142
11,152.4134872847224
12,153.5169141369107
