cluster_id,cost
4,1138.3212783294637
5,325.7744044319207
6,359.11315333306777
7,366.5394781771625
8,382.9023138718524
9,407.2735595283201
10,410.2458693143735
11,452.275187688929
12,469.003571000497
