cluster_id,cost
4,37696.37580205839
5,353.27023416753633
6,342.74459170870387
7,485.94549248586077
8,409.2099386185463
9,342.92275293757893
10,344.63741593156897
11,341.1888174445992
12,338.1027605069039
