cluster_id,cost
4,41549.55928875001
5,41435.228622262875
6,40870.13348761406
7,39074.375020442836
8,101.27148689079213
9,101.90051328405492
10,104.49900755794599
11,103.97784234550537
12,104.40591361243007
