cluster_id,cost
4,110.4482343529562
5,110.0108237314335
6,152.88033976511835
7,159.89541524035266
8,129.57227778251945
9,121.24396547941369
10,121.0818166980593
11,123.08298501777088
12,120.56023360429975
