cluster_id,cost
4,112.18569749244094
5,119.79604570984182
6,124.42022898426634
7,131.55028723995164
8,154.14634184574209
9,145.44122092724083
10,138.02448127809186
11,142.83423455131032
12,153.0394000026015
